{"dA2QNJzw8dFFfBafxf7cvQ==":"mbr-1920x1280.jpg","HRu88Sn5LjJBKxQuaqiM/g==":"mbr-1920x1280.jpeg","4TaUCY0pCXB8Gl3nw8QfZA==":"heart%20hands%20sky-1340x1080.png","zMhJtJ7HX8jXsGFYMrZxBQ==":"solutions%20heros-2000x1125.png","nmPh+UneoYMDPAjqSpBqGQ==":"solutions%20heros%20(1)-2000x1125.png","vluD69deMpO85RbNBfFgxA==":"mbr-1920x1237.jpg","pklb/eaBRMuLMYmUtseF/w==":"mbr-1-1920x1280.jpg","FOxgTVL4ocXhW5SY35iyZg==":"snalogo_2_original%202-300x200.png","Z58NF7HliVunxwAR1sVUzg==":"sna-pic-1270x843.jpg","njf4vMf5ZnIBgu/OREUkdA==":"snalogo_2_original%202-96x64.png","aeVxHo7NcBoHn4ZY/iDDww==":"solutions%20heros-1270x714.png"}